Structure,k2,k_2,k3,k_3,k4,k5,k_5,k6,deg_ratio,k7,k_7,k8,k_8,k9,k_9,k10,k11,k_11,k12,k13,k_13,k14,k15,k_15,k16,k17b,k18a,k18b,k19,k20,k21,k_21,k22,k23,k24,k25a,k25b,k26,k27,k28,k29,totalSTAT,RJ,SHP2,PPX,PPN
1,2.83E-03,0.000152924,0.066330754,9.810394561,0.03535789,0.126068875,4.042120289,0.022276344,1,0.013136477,19.10940252,0.752233713,0.06373143,0.047510993,0.002411613,0.007350886,0.075057092,0.013995488,0.000766087,2.13E-06,0.013584103,0.00054587,2.92E-03,0.120876438,0.180595383,0.004561747,0,442.7405884,0.005580284,0.550284051,0.001649302,0.029281953,0.005980627,8.83E-04,1.01E-05,0,10.27109138,0.038019035,5.21E-06,0.003933009,0.255256971,1011.296686,155.1471973,9.816430746,22.05920331,63.31632233
3,0.004673835,0.557452655,2.627711416,0.569183495,0.150441479,0.477132766,0.11140714,18.79913362,1,0.005878885,0.011562935,0.011825416,0.002736819,0.01110684,0.058339583,0.000572047,5.34E-04,0.044443774,0.094916209,1.07E-05,0.779473822,0.020940476,0.000408479,0.986901867,0.03841358,1.804108207,0,8.419041461,1.23E-05,0.003703123,0.000558318,0.002767653,6.22E-03,0.000557567,1.38E-02,0.940319959,8.309005222,0.004438183,2.60E-03,0.29569536,0.033026956,16009.6369,0.398129008,66.58080619,4.329055967,472.5112371
3,1.30E-04,0.075091274,1.97237905,0.250917187,0.230705719,0.000474961,0.038663017,1.983235333,1,0.001073935,0.005400219,0.009533312,0.001830896,4.00E-05,0.691319191,0.000193567,0.045542828,0.308522748,9.26E-05,5.22E-09,0.012235167,0.006561931,0.002374145,0.044596189,0.057450295,1.876408747,0,37.92136567,1.05E-03,0.015381092,0.384838272,2.622290317,8.43E-06,4.71E-05,0.021487873,0.146673954,7.082003529,0.055465045,7.14E-06,0.835916031,0.272284762,3096.961602,0.161367691,50.74208935,5.493235752,48.35923527
3,0.000139129,0.265234201,0.001369579,0.00360077,0.042467222,0.000682719,0.010960827,27.22791715,1,0.005967196,0.031492814,0.000357647,0.16154341,1.05E-05,0.048646973,0.011399964,2.53E-05,0.251454614,0.002473663,1.81E-07,0.036482639,0.049653271,1.59E-05,0.679513487,0.007865151,0.822339577,0,38.86166335,1.01E-04,0.604140631,0.913007125,6.121984405,0.00026594,8.98E-05,1.17E-05,0.131887597,1732.416808,0.001475166,9.20E-05,0.549937944,0.000356108,13957.73889,163.3582407,6.998408287,1.145816622,4848.903406
3,0.000259231,0.000280367,0.041216145,0.005602568,0.100043424,9.63E-05,0.011707108,0.016693666,1,0.051630503,1.9752247,0.125370298,0.00103297,0.012888137,0.786445593,0.005711331,0.000916241,0.006420897,5.03E-05,4.38E-07,16.12770295,0.065355253,0.000207097,0.01677174,0.0018853,0.031398017,0,11319.31283,0.000124479,0.276593213,0.007170558,0.667492764,7.50E-05,0.003309503,0.001927728,0.635352058,459.6539625,0.013262266,3.91E-05,0.28423083,0.000108577,683.4120477,509.7903993,1.135376983,1.282691357,711.397049
4,0.000529447,0.008216163,0.007655732,13.43700384,0.030912924,0.038209009,19.90540056,0.047419304,6.743150298,0.000242249,0.013327152,0.348649803,3.477219694,6.95E-05,0.003477151,0.024094819,3.44E-04,0.261833818,0.004112238,3.30E-09,0.073180027,0.000129581,7.37E-05,9.05232634,0.000773681,0.01547303,0,18.66386376,2.89E-03,0.013732547,0.000753659,3.482872682,7.79E-06,0.028961647,4.39E-05,0,3910.118069,0.091868005,0.047241573,0.00012005,0.799540042,49688.80572,250.8192562,13.98535564,894.5714576,5.77099311
4,0.001661845,0.000282722,0.054557967,0.002678905,0.002412372,0.020988626,0.012295322,0.009068031,65.12146957,5.11E-05,0.010328459,0.030896767,0.023928889,0.000330773,0.086307118,2.11E-04,7.10E-05,0.007512063,0.001040283,5.40E-06,18.35200461,5.57E-04,1.65E-05,0.02666195,6.91E-04,0.303154328,0,4.434047707,0.000183762,0.000360705,0.223663789,9.42649265,0.029181587,0.035245722,0.003892476,0,17.7359308,8.74E-05,5.48E-06,0.311080946,0.000274629,15.80013696,734.3337793,2171.314058,370.3270543,0.761022237
4,0.001746681,0.002581305,3.115774563,12.14848738,0.005413961,0.000520854,0.075823626,0.01104563,4.942315318,0.362150574,0.122524995,0.008137398,0.027840177,3.12E-05,0.005279349,0.003154251,0.00260482,4.30545251,0.011434868,1.81E-05,0.007438521,0.000182544,1.06E-05,0.274684658,0.001564877,0.000708382,0,52.57901434,1.89E-05,0.000295194,0.168764594,0.087034738,4.03E-05,3.63E-04,2.99E-02,0,4.596148245,0.006648907,4.16E-03,0.092780597,0.01005093,1841.096076,23.6890853,4.817069509,609.7000379,22.26252262
4,6.51E-05,0.004197183,1.439115417,0.012968702,0.179190053,0.247419886,3.03615978,19.47580315,25.81821831,0.000967334,0.01301601,0.013221044,1.312061479,0.041517316,7.721340832,0.0033018,0.049934246,13.20419439,0.002108843,1.09E-07,0.268508885,3.29E-03,0.00140403,10.69518226,0.000138145,0.388227818,0,20016.73005,0.02188159,0.086739556,0.001542386,5.718932938,1.24E-05,0.031239558,3.87E-04,0,1915.998761,0.034021714,0.003561332,0.007920239,0.009213918,2837.5755,0.345618636,3.147699883,1841.273241,3.00221838
5,1.44E-05,0.001668729,0.006817789,0.017405645,0.00076538,0.002382801,22.1694427,21.54875969,1,0.181036883,43.72854666,0.040978809,0.023879085,0.001146469,0.127090324,0.000911854,0.024768996,1.150044653,0.000297725,2.59E-08,0.113254819,0.002113156,9.97E-04,0.013233199,8.46E-05,0.447398342,0.099055589,89.44247149,0.022628514,0.033041267,0.270966308,0.001302533,0.000840929,4.19E-02,0.023763166,0.007439395,465.2188953,0.051809761,6.93E-06,0.07696473,0.000206973,8966.375093,53.21225756,322.1156252,2646.695175,1.946523359
5,0.005378579,0.00706743,0.299709824,0.009935504,7.77E-05,0.036108486,58.76882254,0.086970341,1,6.35E-05,8.461245755,0.004426625,0.178543291,3.87E-03,0.00750724,0.000455271,4.02E-05,0.018415194,6.09E-02,3.55E-06,1.01181508,0.046356961,0.000235412,0.128362222,0.034124637,0.423729851,0.055295191,5.531472695,0.00122436,0.166768074,0.010775974,0.002593757,1.94E-02,0.007250284,7.62E-04,0.022159179,459.5564622,5.68E-05,0.000347434,0.29091037,0.010106543,2345.287364,293.6177636,13.01305947,316.6138131,16.55621039
5,4.02E-05,0.000217247,0.001624113,0.407615111,0.469904906,0.001756048,1.208790207,0.131507256,1,0.001345928,0.939208638,0.001672441,0.34520013,1.20E-05,10.7872945,7.16E-05,0.000235944,3.371354805,7.00E-05,4.08E-06,0.41673755,0.012773918,4.16E-02,0.004146821,0.000960926,0.028301756,0.01498398,52.18616306,0.004501441,0.002901203,0.001270624,0.298987788,6.33E-05,0.009614932,8.61E-06,0.679475631,33.12094952,1.45E-02,0.000202484,0.644304072,0.226677371,2987.803328,30.90140311,626.7622409,19.13284569,1367.833089
5,0.000191526,0.069271077,0.061544907,0.024240917,0.001082599,0.06195312,1.072218233,38.78967771,1,0.003180049,0.038668688,0.00675303,0.093606626,0.000531364,0.051579577,3.61E-05,0.016548912,0.942542228,0.000206967,1.89E-06,17.08360276,0.080088084,7.13E-03,0.042847928,0.051825296,0.043532901,0.248963321,283.207268,0.000153157,0.131055912,0.046630887,0.035802354,4.93E-05,0.031253338,0.009968091,0.006044888,436.4482782,3.81E-05,0.000100801,0.20091234,0.000781395,143.269117,1.394067988,1504.17477,209.4012007,0.901846323
5,0.000965113,0.000109023,0.004050248,0.007693728,0.000782487,0.223074916,4.714477598,9.169363232,1,0.230027955,25.14686043,0.598007473,0.226698147,0.000102259,0.002220282,0.001702658,0.005377811,0.006776116,0.00022323,1.71E-08,0.302411828,0.009396178,4.28E-04,2.90992183,0.007314098,1.53125749,0.092757238,3127.686972,0.001146195,0.139908921,0.352020285,0.020045137,3.76E-02,0.001588165,0.014783427,0.002928713,10.30539118,1.56E-05,1.05E-03,0.003298559,0.843897643,128.7992996,0.220150581,17.86071582,2.262528882,3403.055064
5,3.69E-05,0.005820126,1.316847928,0.007095932,0.348165803,0.131536161,0.044616691,0.439462862,1,0.006647722,0.16278733,0.044966589,1.650204577,0.000632538,0.118965994,0.288699542,0.007087519,0.694801011,1.45E-02,9.05E-09,0.100541068,0.000352013,0.00025903,18.09261854,0.226429628,0.002149766,0.011549254,14.01031087,0.020613648,0.171295927,0.190490005,1.404969217,0.00082968,0.000862185,0.011969795,0.008960233,764.3524356,0.000627255,1.43E-04,0.296022187,0.014881666,55.0672201,0.744843136,24.38247875,20.91210693,4.1748377
5,0.000179568,0.008817434,0.188822155,0.011244174,0.000404354,0.000321594,0.057352892,2.010867034,1,0.000405192,34.21065109,0.167302898,0.101154897,0.000600425,0.074964826,0.048757117,0.007750663,0.554854359,0.00593312,1.65E-05,2.70152943,0.223081534,0.000274023,0.073666635,0.016486452,0.01959824,0.088118098,80.07852101,0.00027531,0.10592306,0.003538403,0.089047947,0.000780899,1.03E-05,0.000172718,0.012940971,15.92601828,3.90E-04,5.68E-06,0.020723121,0.001322441,224.9754617,4.739645352,2.763594611,8.528017277,137.15934
5,0.003413181,0.044702998,0.319243624,0.00895679,0.212271977,0.001992994,0.274084537,1.354123357,1,0.049305427,10.51497957,0.245363181,0.007937432,0.005783878,0.002438334,0.290173014,9.53E-02,0.954534502,0.007367408,1.47E-06,0.008120289,0.01635989,0.006418989,0.543431211,0.10959666,0.042425933,0.07439539,10862.25401,0.094203107,0.274992259,0.00047258,0.001285189,0.000900499,4.79E-05,4.41E-03,0.619383907,15.43649806,2.09E-05,8.36E-06,0.019333167,0.269541604,11329.61987,32.32432544,1.425498989,532.0479024,7.923738891
5,0.000282746,0.009316934,0.002760778,0.057179595,0.00024107,0.006146232,0.038831283,0.099642346,1,0.014431965,6.791995071,1.786880047,0.001035181,0.003231802,0.036560153,0.001052638,1.20E-05,0.963712982,0.000903315,4.47E-09,0.131439128,0.007829272,0.00011765,0.008597858,0.020934021,0.0155227,0.498567374,1309.624878,0.001316712,0.564029338,1.008778214,3.61442362,0.000134586,0.004024411,8.86E-05,0.030095974,6.669574329,0.000236552,8.90E-05,0.001362845,0.000769217,26.32254061,4.609214779,22.2097835,645.1159039,42.47565554
5,2.37E-06,0.006652222,0.00055327,3.240980636,0.079166035,0.534211276,0.010282516,36.06943378,1,0.002306095,0.013320103,0.01531981,0.007945281,1.31E-05,0.20023065,2.43E-01,2.52E-02,0.085113301,0.022795562,2.51E-07,17.41212693,0.000123235,0.000106407,0.008506486,0.000156604,0.009884834,0.000844873,417.5639071,0.089435261,0.214400841,0.004880221,0.011667633,0.000305749,4.90E-04,2.17E-02,0.771883954,7499.336663,2.26E-03,3.96E-05,0.005223219,0.00137423,2095.017004,226.2942393,60.24080623,158.2321376,52.08805021
6,7.70E-05,0.000848538,0.000548564,0.065416047,0.021373936,0.000916963,20.01334642,0.442479311,25.13215669,0.030541372,4.955976939,0.000257927,0.010969742,0.042335821,0.303923564,0.015270144,0.000132921,0.198756392,0.003808993,8.88E-09,2.244354981,0.000269603,1.96E-05,0.223945569,0.000318879,0.002963496,0.000211093,286.6950214,1.12E-05,0.000107171,1.285261446,1.198013849,0.000197194,1.21E-05,0.001373349,0,49.55604147,1.52E-05,0.013688619,0.008996476,0.026676384,61184.24051,712.5118103,2.696812544,3208.846533,21.19698848
6,1.21E-03,0.00013142,0.009511142,1.527615647,0.040209083,9.75E-05,0.932208354,0.088901802,7.524133824,0.000771188,0.01073238,0.025899897,0.273248659,0.004710521,9.650479404,0.001387558,0.025444942,0.20652636,0.000943928,5.08E-09,11.11182829,0.058365896,0.000297884,0.010008634,0.000156049,3.933028924,0.004106703,27012.47861,5.27E-05,0.000399889,0.048851137,0.256197351,0.002130167,8.73E-06,0.014855475,0,47.56018866,1.61E-02,7.44E-06,0.003231226,0.000452947,709.3413554,331.9394584,312.0168198,705.0727799,6.122771043
6,2.66E-04,0.002543254,0.001125083,0.378682799,0.000505538,0.449062757,70.41734475,1.965537107,7.324705357,0.407488664,0.020523258,0.016074724,0.013869415,0.000976418,1.438345617,0.001526856,0.000667007,1.635331688,0.012015042,1.01E-07,0.020029322,0.000138102,5.50E-03,0.008356133,0.000108086,0.044798513,0.000511446,16260.53352,1.45E-05,0.028834753,0.013798879,0.066491165,0.000326907,5.19E-04,9.58E-04,0,253.0917975,1.06E-02,0.024179625,0.000420233,0.030642053,10537.94633,957.6784721,272.8140346,3805.314744,34.74864978
6,1.24E-04,0.002807632,0.057752487,0.029035491,0.007419286,0.000115939,0.557501917,0.030112506,6.978657333,3.79E-01,0.289433467,0.02056332,2.238579049,1.20E-05,0.102664015,0.003136156,0.005959812,2.295530749,0.050303837,8.94E-08,0.819145341,0.000587642,0.030058681,0.005404417,5.89E-05,0.157625567,0.004872306,13.359071,2.95E-02,0.004357975,0.000276909,0.876800989,0.008951144,0.004330385,2.68E-05,0,26772.88235,0.000153407,1.90E-05,0.000414887,0.64351457,10335.57577,933.3860045,1184.371913,26.91591494,2.01760469
7,5.79E-05,0.000215614,0.042249793,2.319266583,0.02832065,0.007443819,0.008199701,1.37309023,35.27336787,0.000100641,21.96148439,1.527379194,0.095928553,0.000182518,0.0539045,0.008528642,1.35E-05,0.007789223,9.21E-05,6.40E-06,0.558301727,0.002158672,0.000250331,0.074585343,0.008261118,0.041188547,0,6.522341109,0.025329495,0.001024015,0.108786817,0.038861004,1.25E-05,4.49E-05,8.44E-05,0.31244786,1170.691844,1.10E-05,6.19E-04,0.066120807,0.002808525,6035.08055,29.64957261,26.55037385,11.31405319,2949.088035
7,0.000178054,0.018708813,0.044435835,1.340500649,0.07975564,0.593790222,0.14893394,3.686137168,17.72891322,0.000719402,9.809286522,0.000534843,0.001860807,4.66E-05,0.003275923,0.000128453,2.99E-04,0.004943336,0.037561353,2.70E-09,1.652342154,0.066607762,8.32E-05,3.862642744,0.275965493,0.005833436,0,474.6900401,3.83E-05,0.559410134,0.000276229,0.001598762,0.000888071,2.44E-05,0.000729844,0.072365987,1063.037879,0.002084658,5.88E-06,0.000279297,0.000210351,2908.400463,3.236678325,1.109567615,250.3724741,126.271842
7,0.003693791,0.123402686,0.180317621,0.004627364,8.24E-05,0.000965949,14.22027672,35.71711525,5.106610359,0.006966241,0.818563655,0.011753494,0.00238418,1.56E-04,0.029358504,0.010431547,3.61E-05,0.01043458,6.58E-05,1.55E-05,0.061242705,0.073653376,0.000290755,0.037708833,0.003080691,0.019542194,0,14121.80279,0.000149566,0.000254343,0.000630531,3.90904546,0.0010453,0.014487363,2.86E-03,0.527981991,37.07921769,2.38E-03,3.82E-05,0.029873416,0.001650673,17.63608409,136.444867,1654.852153,0.710468976,297.0074454
7,8.47E-05,0.043600827,0.005454202,0.011847318,0.166029597,0.000690757,1.548637471,11.75654973,16.28829231,0.000136934,3.18125865,0.039412015,0.006604883,0.020442963,0.058427556,5.00E-05,0.000496501,0.173553504,0.000100209,1.02E-08,1.921455351,0.008914366,7.24E-04,3.205395166,0.032602726,0.032297224,0,9.453417074,9.02E-02,0.020726865,0.018603614,6.326008959,1.50E-04,6.19E-05,0.001420983,0.121201113,119.3370035,1.86E-05,9.66E-05,0.003998067,0.000177321,81555.33171,192.8728711,274.5207972,1071.956793,1550.751213
7,1.66E-05,0.164527541,1.578355607,2.695326714,0.012178539,0.187849355,0.110936574,0.644315645,92.16577102,0.020418306,0.00633935,0.026581675,0.124368607,0.000235125,4.976613602,0.000774032,0.000256191,0.009910531,0.00017083,1.54E-05,3.851696513,0.03382701,0.000858901,0.031798861,0.035295632,0.002698443,0,60.63757131,0.000303485,0.003617371,0.002706928,0.003098431,0.000265341,6.36E-06,0.000193038,0.820221932,7.296899533,0.018766796,7.71E-06,0.000283559,0.000132578,6398.765001,213.2789084,25.5446483,5.04400153,331.9393475
7,2.28E-04,0.023628711,0.996130314,0.081483159,0.000374489,0.001629292,1.025021352,13.81618237,81.40436371,5.54E-05,40.92237259,1.507281087,2.349607893,3.81E-03,0.965313931,3.80E-05,0.001963479,0.035803082,9.32E-05,1.07E-07,0.376854615,0.019574337,2.90E-05,0.030717547,0.007802645,0.004124115,0,35000.9432,0.009744781,0.214302008,0.010960909,0.166163311,5.34E-04,0.000160209,0.005288404,0.753536088,384.873866,0.000611175,5.76E-04,0.003995402,0.000247361,633.4160436,592.744545,8.378872935,36.90408392,331.1030238
7,6.36E-05,0.0001845,0.001060361,0.057825551,0.000972921,0.000389475,0.133071794,17.57851201,3.561595494,0.025570983,37.65684541,0.751620918,0.002428051,0.000194184,0.487317249,0.076499063,3.40E-04,1.066948249,7.57E-02,3.41E-06,0.845781515,0.000105852,9.74E-05,0.513163188,0.000203649,0.028899287,0,1098.718974,0.01185675,0.000193715,0.003952056,0.011167646,5.63E-05,0.020284873,9.91E-05,0.000401867,34966.86683,6.20E-02,2.04E-04,0.001521617,0.15917718,156.0989255,434.6790754,2241.133512,3954.505944,9.991014402
7,0.001826723,0.003342665,0.002714156,2.131848823,0.278840974,0.117097645,0.851954202,0.250990861,2.307497257,0.03471369,1.451019116,0.531579389,1.379382748,0.00032435,4.124394381,0.000651453,5.34E-05,0.153269355,0.00109369,6.19E-09,0.12775575,0.005031412,5.31E-03,0.973311965,0.026372755,3.935293244,0,8.704374062,0.048343287,0.000912276,0.000990092,0.004904136,0.000161393,0.017688583,0.000317486,0.003713784,592.7786372,2.52E-05,0.000104444,0.017617222,0.00568633,829.1481784,15.97052722,100.5175623,363.8851307,81.22065404
7,1.58E-03,0.000109706,0.039600536,0.02521743,0.018986455,0.517688598,39.20591275,3.675624439,4.305270349,0.012131575,40.4704436,0.005380271,0.006064003,0.007978761,0.292583839,0.00410688,0.000626138,3.803844688,0.083612195,8.58E-09,0.058785981,0.006291758,0.003042741,0.005987906,0.000531769,0.150797133,0,1837.875825,8.57E-05,0.002711761,0.00378879,0.001495011,2.84E-03,1.78E-04,0.000180495,0.634367648,6.028915302,8.98E-05,8.27E-06,0.000767466,0.000601985,153.0519008,15.60116307,1610.719455,2132.26335,1202.757208
7,4.13E-05,0.001703806,0.016480781,0.012458141,0.445550304,0.327461318,0.021840887,2.350539692,6.515210343,8.81E-05,0.080119135,0.331374097,5.961016331,8.37E-02,2.043226927,4.40E-05,0.000522667,0.010588963,0.018480045,9.75E-07,0.620009808,0.036162962,2.13E-05,0.002386058,0.004756508,0.042214498,0,257.371692,0.06897089,0.032295223,0.000910113,7.22429875,0.000115951,0.016476011,2.39E-02,0.032388187,6.652574919,2.05E-05,7.45E-06,0.000618115,0.448036192,33417.50512,73.22520143,51.21651781,1433.295838,184.1373559
7,5.07E-05,0.000240456,0.474410185,0.802830106,0.019524024,0.00154415,0.057940527,0.010958127,3.198727206,0.000610822,0.026024045,0.325493,0.221145889,2.41E-05,0.033886293,0.002543669,0.000220087,0.004070192,0.049956682,1.71E-05,1.147738526,0.019709842,1.72E-02,0.685284323,0.032774411,1.580617927,0,26.63186237,0.000166591,0.00028958,0.288254048,4.580618703,0.004342736,5.57E-05,3.85E-05,0.058051035,14082.44122,0.066381744,8.89E-06,0.150904835,0.003525967,2486.603035,704.916851,1.122039935,10.93616199,127.7068932
7,0.00016464,0.00183015,0.009879712,14.97513926,2.05E-01,0.038155734,0.598197923,0.167997329,19.67959837,0.00012695,0.639535742,0.40818605,4.50466982,0.003498867,2.978177879,0.047775313,0.002832382,0.072767422,0.046580438,1.75E-07,4.909114427,0.002378005,0.053926467,1.711782814,0.008481398,0.125236885,0,19.79765656,0.011042731,0.000137554,0.067596484,0.236686769,1.29E-03,0.000363889,6.56E-06,0.186323477,5788.710116,0.000246562,2.51E-05,0.06261993,0.01605885,74.33023069,87.71368367,9584.40241,0.932426085,1.25267366
7,0.005494535,0.0079122,3.959099153,0.00211491,0.355704816,0.357922314,7.521469863,15.0293927,14.51703359,0.00315334,0.053335334,0.023210066,0.340665739,0.014168187,1.626798996,0.010933833,0.003524075,0.02152577,0.067078307,4.55E-08,0.864496545,9.04E-05,0.014163693,11.29063413,0.00132308,4.100621936,0,786.0751832,0.0018619,0.000955816,0.162310363,0.01121786,4.32E-05,2.47E-04,2.78E-02,0.006778032,5374.559583,2.78E-05,1.51E-05,0.05621517,0.113293152,35.17171741,0.162127086,14.62531358,0.709104959,74.95247292
7,4.36E-05,0.004471963,0.598872746,0.262310394,0.353099028,0.00070522,0.011738882,0.125732966,59.74933999,0.000104023,10.12649358,1.636991856,0.043285968,7.95E-04,5.396425486,0.000273238,1.14E-05,0.45517136,3.97E-05,3.23E-08,0.003874786,1.02E-01,0.055173635,0.012951491,0.075328061,0.000935082,0,19956.62416,5.00E-05,0.000116874,0.4042425,4.437064829,0.007478341,2.75E-05,3.43E-05,0.250140452,24.90225996,0.000190625,6.16E-06,0.384512418,0.005624092,586.8800719,11.11805148,2.595511,64.6051238,388.401697
7,0.002059568,0.000400507,0.030036634,0.004106801,0.078205385,0.019496602,0.021436458,14.83791266,4.832161307,0.311254824,0.047682654,0.702747297,0.00132808,1.61E-05,0.007827579,0.048735873,0.005635385,3.782465357,0.040635205,1.03E-05,0.028992886,7.29E-05,0.000549566,0.015229297,0.003822355,0.026696878,0,459.0280941,0.033335916,0.000487449,0.018706532,0.135115251,0.001529662,7.06E-06,4.65E-05,0.4909583,38838.94036,0.000750508,1.23E-05,0.007582024,0.303002498,28799.5211,0.360924075,52.88236241,20.59323951,2047.394435
7,0.001154682,0.000582672,0.002415825,5.738932704,0.002315603,0.170947037,49.02511595,0.205454962,9.172275101,0.007813051,21.2371847,0.724552279,1.27090536,0.011262389,4.30282021,9.58E-05,0.002205918,2.885912268,0.171706851,5.44E-06,0.134290222,0.000124111,0.00019687,2.069104769,3.07E-04,0.010031332,0,180.7937366,0.042056635,0.000145848,0.207646789,1.780480353,1.94E-02,0.002619866,0.004037659,0.108562074,117.1110864,0.009659061,3.48E-04,0.065174583,0.001349995,373.3437702,166.4810306,2926.293742,7.087292416,1826.483167
7,1.44E-05,0.001863644,0.03510687,0.003834175,0.004490989,0.051708569,0.288091679,18.32381366,12.775767,0.001344832,0.041823593,0.091744279,2.53432642,0.00016684,0.010841707,0.00716985,0.009739418,0.091487266,0.125016649,2.90E-07,0.007934077,1.72E-02,0.012460674,0.742146674,0.009903475,0.001160834,0,1194.200508,0.001926168,0.000546477,0.153912927,0.045581973,0.000925136,7.44E-05,9.84E-03,0.177619392,123.0824568,1.75E-04,5.02E-06,0.009925162,0.012886672,1790.37713,1.293043266,1.869241957,13.27264842,459.1116776
7,0.001244078,0.006353059,0.006384516,0.0224983,0.045260003,0.395208574,0.015511954,0.638360904,2.785921876,0.245424669,0.66680322,0.001692436,0.001976795,1.83E-05,0.022539668,4.08E-04,0.00105563,1.465693122,0.016221817,3.24E-09,0.29142553,0.00124457,2.12E-05,1.105805473,0.280079016,0.002989161,0,26.40673163,2.24E-05,0.003098499,0.000205815,9.201564438,0.000707348,0.000281919,4.01E-02,0.003736819,38.36802504,2.79E-05,0.003035804,0.055808148,0.00078502,68113.85005,18.41308058,52.57691353,516.5021757,1084.69337
7,0.000161313,5.10E-03,2.419243026,0.86261477,0.000119314,0.029329344,5.720410411,0.965169927,6.036112063,0.001360731,0.035872191,0.00162417,0.001865236,2.41E-03,0.453873897,0.004556791,1.89E-03,0.518944121,0.18933641,2.35E-06,0.216816793,0.000516485,1.60E-05,0.264110073,0.008007022,4.63394769,0,91.17659194,0.001560517,0.03005839,0.188628841,3.761755434,0.000296448,8.46E-05,0.005698195,0.025617811,17.57238006,0.023025282,5.32E-06,0.004417096,0.006835368,10101.42622,121.5183793,1.058524873,136.3662451,5244.616875
7,9.34E-05,0.035774021,0.286569175,0.017342474,0.094185658,0.0005031,1.505334454,27.08305493,3.194490759,0.011967508,0.006408364,0.015724229,0.147797731,0.000201547,0.003324901,0.00086256,3.71E-04,0.927418084,0.009848117,8.11E-07,9.214158424,0.04019487,0.008195399,0.002843663,0.129569506,0.004966133,0,8.357442332,0.000494793,0.0202278,0.339536206,5.154423566,5.26E-06,0.000748837,0.000986625,0.039850972,446.4347026,0.000227898,3.36E-05,0.208843542,0.000330345,3521.113977,76.18375378,300.4969316,1779.952423,83.87546692
7,0.000422847,0.000236688,0.001601993,0.003538382,0.332360816,0.017454456,33.02301132,0.074895412,38.41932905,2.38E-01,0.502231289,0.009911975,1.045513569,0.03500557,8.311612034,0.20184333,1.51E-02,0.018118695,7.28E-05,1.91E-08,0.096345238,0.089953274,1.21E-05,0.052516211,0.037536302,0.009146715,0,4066.259196,0.00597086,0.005270434,0.000260613,0.001409578,0.025870739,0.000143067,0.009870084,0.135002634,194.1232646,0.017700137,1.89E-05,0.036110674,0.000125056,385.7215999,229.9985177,223.0917701,11.94233304,313.830391
7,0.001203506,7.44E-05,0.081557236,0.228238898,0.147088801,0.028222748,5.390660969,0.273228372,7.417892149,0.000636991,0.062558943,0.004452791,0.308925624,1.62E-02,0.328519369,0.000128026,0.063202169,0.034324655,0.002004558,2.48E-08,0.062428649,0.445051422,0.001967358,0.891260029,0.000331399,0.036120319,0,291.2676661,0.000800234,0.00295735,0.023635509,0.602768536,0.000106192,6.38E-06,8.96E-05,0.213415724,4.44818486,0.032042165,9.93E-06,0.751169265,0.001557226,15.91889872,174.3192524,299.9057256,61.57377636,0.613647069
7,8.87E-05,0.00053039,0.003194058,6.296518813,0.146203726,0.314591212,0.143028371,3.820433372,62.00060831,0.220220556,4.321636968,0.003937708,0.071600152,9.20E-05,3.872077842,0.000309436,4.24E-03,0.04655245,0.133633814,7.61E-08,0.005058826,0.100368568,0.00863273,3.757171211,0.000570549,0.012453496,0,11092.77162,2.09E-04,0.013499143,0.007878836,0.010738784,0.009259389,1.45E-03,0.000113913,0.216711615,289.5438562,0.00045998,2.33E-03,0.061014851,0.001393687,392.4780065,40.5010618,3002.378222,37.47435373,2825.666286
7,0.005333612,0.000106478,0.122275816,0.045212697,0.008668583,0.039995578,0.048871164,0.023640055,22.95179785,0.001539144,16.10502888,0.017631808,0.013574147,0.060548904,0.015154425,0.001937338,2.37E-05,6.262682185,0.013302155,1.01E-08,0.118892295,0.000426717,0.003142128,0.806272497,0.006774867,0.020610859,0,1914.964832,0.086412038,0.027863899,0.002957324,0.007936041,0.044533033,0.007260689,0.000384553,0.934965252,21.88342554,1.61E-05,0.040072413,0.230900892,0.035115468,42952.24612,418.1170451,1.468767007,4279.528107,1126.860481
7,0.000263685,0.000337605,0.001702188,0.016221303,0.000629308,0.004047888,4.07221562,11.36535968,3.672395448,4.54E-04,9.393679331,0.000559253,0.110633322,1.44E-05,0.008880092,0.001755413,1.32E-04,0.004509101,8.36E-02,1.42E-07,3.656856304,0.033858891,1.21E-03,0.47057751,0.030352931,0.002910269,0,905.2876244,3.12E-04,0.341783858,0.17711292,0.024962981,1.46E-05,0.007990065,0.049449325,0.275870708,39.18328479,0.0059878,9.91E-05,0.002251635,0.000140229,405.6355266,118.5711039,7253.327418,5.313628434,410.0731478
7,0.00389953,0.03597117,0.014701783,0.675704936,0.033343884,0.000191763,0.037190852,0.093791879,10.67361726,0.001072942,0.056326105,0.031137595,0.01470382,4.10E-04,3.735690239,5.60E-05,6.76E-05,9.212339323,0.006953561,8.14E-07,0.998706848,0.007786409,0.031171369,11.76731,0.025055613,0.120653657,0,2906.017363,0.001779966,0.053060567,0.00579686,0.09076624,0.002464387,0.000497306,0.000186629,0.000120596,39.09362514,0.0001149,1.27E-05,0.05951983,0.100735466,11723.00791,349.9598155,6.183827266,559.6794969,108.0371133
7,0.000930791,0.015141775,1.220568989,0.017509346,0.001733537,0.008253457,6.828779041,0.028038653,5.618607908,0.005209233,0.135858777,1.729171906,0.001037189,0.067963272,0.704528786,0.091561741,0.001046778,0.052891332,0.019791079,2.25E-07,0.393131996,0.027988343,0.051503155,0.476757984,0.002140827,0.088310344,0,13011.84906,7.46E-05,0.081416904,0.312668776,5.307554366,7.37E-03,2.45E-05,0.01805253,0.007079916,13.65356905,0.000336016,3.06E-05,0.342623975,0.007147193,1019.455129,31.35135053,4.509370783,0.554612654,607.0951389
7,9.07E-05,0.000265265,0.902866332,0.231555696,0.000100967,0.061170083,0.03574492,1.013344235,11.51432588,0.00080596,0.196274014,0.04923398,0.001245481,0.000293888,0.011123829,0.051959241,2.68E-04,0.90580324,0.000275215,2.19E-07,15.03192264,0.001819278,0.060413309,15.24840588,0.215655631,0.12034393,0,96.06813566,0.009729132,0.703874312,0.02908341,0.373980383,5.18E-05,0.001786949,0.001435104,0.10816892,1029.491613,0.000424237,7.85E-05,0.035160761,0.004560141,69184.13298,659.2585599,19.72965145,3957.792652,38.65692845
7,0.000127501,0.001701077,0.000418371,0.004594569,0.021083468,0.280227487,0.321234431,3.59024999,10.73860962,0.006678191,1.422577454,0.000745683,0.560039331,3.13E-05,2.085925275,0.000124727,3.51E-05,0.026106037,0.066324796,1.04E-07,0.002106096,0.000175999,1.07E-05,16.83414226,0.016342691,0.111223659,0,145.331723,0.004401662,0.105145789,0.755336675,0.008507223,1.22E-05,0.002887698,5.18E-04,0.000239632,159.1845208,0.0364543,1.38E-02,0.643858169,0.063268756,1571.290066,19.70936957,5.085770522,286.1141538,88.42077337
7,0.000379724,0.000991779,0.142314154,3.17758453,0.00365968,0.331469842,0.361469743,0.022952132,3.3171766,7.97E-02,45.11562601,0.819879175,0.900328854,5.12E-04,0.062119358,0.000225564,1.11E-02,0.031327343,0.097680352,1.68E-06,0.004301333,0.000125446,1.21E-04,0.636682772,0.000457403,2.010375557,0,151.3501994,1.12E-02,0.046542673,1.156708349,5.21803427,0.003005914,3.64E-05,0.003922462,0.579505539,166.539121,0.000453855,7.25E-06,0.160769725,0.002727241,659.451356,617.6975545,2.58275935,314.1569799,67.03551362
7,3.08E-03,1.55E-03,0.321657892,0.835151605,0.003134158,0.067357181,0.850933069,12.5935932,27.41671935,0.000503705,0.045048633,0.124318582,0.456906756,6.40E-03,0.019149282,0.000843749,0.013495227,0.138570976,0.000190433,2.89E-08,0.020343471,0.000345543,5.87E-05,2.415604698,0.238708992,0.000580119,0,313.2593219,3.22E-02,0.000131054,0.016501433,5.700086745,0.03663633,0.02215838,0.008140448,0.011057175,38107.73452,1.67E-04,8.33E-06,0.01319753,0.003805165,2093.765794,12.61296822,1.108762616,150.152239,285.2824825
7,4.18E-05,2.52E-04,0.272513328,5.15586136,0.026786192,2.32E-01,0.127063224,0.567080852,13.16494533,0.001637474,17.32900914,0.002406183,0.044377652,3.92E-05,0.017091746,0.109524851,0.000207352,0.544299454,0.024782324,3.24E-09,0.078625649,9.44E-03,0.00298158,0.870810492,2.95E-02,0.555221682,0,609.2597575,1.58E-03,0.01572731,0.034475969,0.032027682,0.002878758,0.000403679,7.62E-05,0.000702333,88.7488614,0.039096788,5.85E-05,0.353123355,0.531001724,38.573727,0.913182108,2.805862958,0.7056372,2299.936914
7,3.43E-04,5.72E-05,0.019301223,0.00420014,0.026037258,0.058593646,2.809859686,0.995891102,5.682131422,0.026944102,0.014834681,0.000862201,0.197779906,5.83E-05,0.066509015,0.124305627,1.15E-03,2.845476905,0.003103527,3.56E-06,19.39696848,0.009404704,9.71E-05,0.041994716,0.003715841,0.000641264,0,8879.95144,1.36E-02,0.055419373,0.029441027,2.600131533,1.65E-03,0.000505459,1.43E-05,0.111831281,12.69948049,1.31E-05,5.81E-05,0.003769052,0.048567306,298.0301894,1.582506943,255.5674113,115.723326,2931.373218
7,1.41E-04,0.000584519,0.301063613,0.012974937,0.038702583,0.250408173,0.029488125,7.332327194,62.3482805,0.21779799,0.008590103,0.068590065,0.19178607,5.57E-05,4.424655029,1.35E-03,6.56E-05,0.438013022,0.002534031,1.43E-05,2.969783689,0.000463036,5.85E-05,0.00393028,0.017986778,0.75521487,0,2900.049643,0.000677115,0.000406137,0.038564389,0.00522756,7.68E-05,2.13E-05,0.000309436,0.000742247,179.7042256,1.10E-04,7.97E-06,0.005442289,0.033658045,23317.6621,4.470627136,65.51977485,2966.857426,74.32086318
7,5.30E-05,0.240187267,1.510744305,0.018143586,0.061576614,0.583220278,11.44567949,0.588268929,13.99970464,0.060411875,49.93227255,0.145249671,0.188039127,0.007935368,0.005470866,0.004192015,0.00105164,0.008207112,0.001455001,2.10E-09,2.522801544,0.0022217,0.008784992,0.363776111,0.108660362,0.016390583,0,211.9812837,4.21E-03,0.003034473,0.230248235,1.211113436,8.11E-06,0.00016718,1.41E-05,0.00795619,4.030546169,6.74E-05,6.02E-05,0.068700914,0.00078351,241.8601577,2.091230269,2.024087894,10.14328019,1518.799703
7,0.000195255,0.002628552,0.047382212,0.03573227,0.00153883,0.000919554,10.8159636,11.48976185,4.404342163,2.81E-02,27.84964795,1.024132495,0.012611937,2.62E-05,0.866705074,0.033797394,5.96E-05,8.681505002,0.089797894,8.93E-09,0.010020111,0.318821177,2.72E-04,0.207072619,0.147855327,0.057769594,0,61.75541953,6.87E-02,0.001668337,0.001828208,1.147217117,6.86E-06,0.015702319,0.000197592,0.010280848,68.59630586,2.15E-05,8.06E-03,0.092879314,0.013423509,2599.270846,5.668953887,3.168710862,57.56350882,461.0808936
7,3.96E-05,0.001645937,0.003314923,3.139482887,0.052894158,0.000296538,0.034983778,2.029263785,42.11634711,0.003518926,2.241898773,0.004522559,0.037952571,0.000605157,0.247306165,0.000109048,0.095556718,7.409794421,0.00934228,5.78E-09,3.424476813,0.001204017,2.39E-05,0.003016184,6.43E-05,0.41743598,0,369.0440089,0.001236063,0.011179163,1.141491023,2.821617305,5.23E-06,0.000116672,1.72E-05,0.005153928,12.41622404,9.21E-05,1.56E-02,0.038102054,0.098794177,209.3786831,321.9564089,5.591562947,195.5599883,34.92655623
7,0.000823093,0.001589238,0.211575692,0.007191872,0.009440092,0.177517999,0.4558965,3.887926419,2.014780334,1.03E-04,0.840383683,0.014133257,0.025543042,4.66E-05,0.14055668,0.000521674,2.47E-02,0.050943802,0.003888098,6.38E-06,2.226349246,0.000511389,3.43E-05,15.05755512,0.060817616,0.011610679,0,60.35921595,0.09867002,0.125156347,0.323302791,0.017359094,0.001013369,7.62E-04,5.98E-06,0.190758842,20611.69905,1.41E-05,0.003056028,0.084777514,0.000666053,949.6645414,0.842983134,897.4959298,248.5652267,769.3318636
7,1.14E-03,0.011279936,0.000838548,0.024640618,0.126161551,0.001015254,0.127541865,0.082110686,7.280543981,0.00070945,0.007883406,0.000371117,0.032083586,2.92E-05,0.003771255,3.14E-05,4.44E-04,0.674325025,0.057083723,2.07E-06,0.042785899,0.000886095,1.68E-03,1.367995187,0.056776069,4.818881415,0,2361.661734,0.044206424,0.000683335,0.004528699,3.866034556,0.010449393,2.85E-04,2.60E-03,0.000166836,4.295355709,1.16E-05,1.33E-04,0.671921922,0.114730942,5620.611438,31.87517324,40.13480275,215.5531462,8.419716769
7,0.000296797,0.002024731,0.823543588,0.203305053,0.010921854,0.089259667,0.013017114,28.16608548,8.73654517,0.008059154,0.021579753,1.818056288,0.090926806,6.16E-05,4.350355599,0.002277124,0.000647827,0.013055679,0.08930358,6.23E-08,13.38423211,0.098407956,2.10E-04,0.012130187,0.002670296,3.513703367,0,36682.57301,5.84E-05,0.000287854,0.036280044,0.004054736,5.14E-06,0.000188272,1.66E-03,0.00058601,9040.747288,6.15E-02,9.54E-06,0.00793957,0.0099113,131.7071363,0.224086589,906.536894,71.67472706,103.9071804
7,0.000108028,0.04379158,3.802430267,0.2415763,0.260528719,0.370650855,0.040812649,6.788760191,12.90491126,0.000723398,8.129941577,0.005960164,0.149227609,0.001683413,0.45722767,4.29E-05,0.007603408,0.008138068,0.245012948,2.45E-07,0.00309513,0.000210011,3.24E-05,7.420229252,0.007799936,0.001145366,0,175.6390101,8.18E-05,0.002866251,0.079246674,0.05062583,1.16E-02,0.027296782,0.001961431,0.340012404,14613.42191,0.029332213,0.000256113,0.640401871,0.947101624,427.9769899,287.9574853,8204.274536,44.14985054,0.616611781
7,0.001003377,0.412648773,0.055181193,0.00542924,0.003948588,0.093984606,6.648606939,0.059506454,31.53035391,0.000364291,25.74497015,0.339248956,0.005446966,2.92E-05,4.37530969,0.003467912,0.001072768,1.730449623,0.029879956,7.86E-06,0.002991477,6.19E-05,3.00E-05,1.360459765,0.000226481,0.000821974,0,192.9961895,0.000401405,0.044680098,0.008966129,0.003247851,0.020746623,0.000228232,0.00155408,0.001372265,131.7418436,7.25E-05,5.79E-05,0.184042136,0.000682641,92.44979371,8.088761437,34.96283857,147.5362935,32.39947622
7,0.002177722,0.000301372,0.000437736,1.796222973,7.97E-05,0.018561395,0.17387731,10.13416288,7.164771248,0.05672939,0.260404499,0.007255591,0.007922957,0.000325319,5.306626926,0.016775702,2.12E-03,1.088888264,0.000637565,8.25E-07,9.804386823,0.002591594,0.01121182,3.505709837,0.007851905,3.441908811,0,11.8589217,7.28E-05,0.630553921,0.039531064,0.728758497,0.011422101,0.031247232,5.49E-05,0.015623078,15.74317691,4.68E-05,5.16E-05,0.009871548,0.011474465,223.6948908,428.396027,3666.373481,179.4830196,48.40687323
7,7.22E-04,0.00330743,0.013116658,11.98052807,0.139264979,0.078726041,2.048850415,0.453440516,4.872764017,0.004990148,0.009012479,0.00020844,0.411005206,6.17E-05,0.037816665,3.97E-03,4.71E-03,2.216749302,0.003920642,3.29E-09,0.261350347,0.005005322,0.013385908,0.667736722,0.071473081,0.093198078,0,11302.78333,0.000511,0.00087993,0.043113635,0.001237812,1.49E-05,0.013246703,2.57E-05,0.299179899,961.0824099,1.79E-03,7.70E-05,0.012611963,0.026063217,10575.29581,62.77858002,1140.129958,1.083851853,125.2884616
7,0.000741173,0.002821907,0.000526895,0.052812225,0.266763302,0.000428404,3.57998773,4.505094602,23.10092003,0.276009676,4.69457032,0.000885393,0.016311462,0.000899046,2.954029589,0.00266617,1.36E-05,14.91106184,0.000424659,2.78E-09,0.015078107,0.003114892,0.001062858,0.06746565,0.108317108,0.001359318,0,7.314260678,0.000493987,0.157508485,0.344340838,0.001893964,7.13E-05,1.50E-03,0.000309601,0.321065725,21.39078206,4.47E-02,9.73E-05,0.000121301,0.113423525,21170.30513,457.9463224,3987.535048,514.1087551,56.28921964
8,0.002156989,6.64E-05,0.00252176,4.388576863,0.007383955,0.132501329,0.80395163,11.74037554,1.743418728,0.00136027,0.009740337,0.003875652,0.010734322,0.02571762,0.712464876,0.000737238,0.005266258,0.025243348,2.83E-03,1.46E-06,2.348603871,0.336779681,0.019964465,13.70919151,0.018057772,0.028261979,0.000980433,23036.33267,0.000288697,0.469182688,0.000401416,0.042495501,2.31E-05,0.002822171,2.58E-03,0.671142547,9.841435125,0.000262471,2.18E-02,0.000502986,0.00039729,1822.113096,48.33662505,116.9722753,0.69130003,1310.682783
8,0.000980301,0.008961608,0.166239153,8.283092434,0.21341486,0.473026795,0.60051751,10.32235739,1.99177488,0.005996193,37.67962309,0.564225713,2.963406449,0.001352147,14.27931552,0.002910669,0.013539953,0.1841719,0.036038165,3.27E-06,0.01184108,0.000145417,1.55E-05,0.003698675,5.96E-05,0.092444826,0.028211482,2757.848592,1.21E-02,0.54302402,0.372349959,0.00859967,0.037522736,3.41E-05,7.23E-06,0.00093176,309.9690457,1.28E-05,2.58E-05,0.261428326,0.720556537,698.2910454,2.765122164,2.246882023,20.05305818,520.783429
8,3.40E-03,0.000842837,2.865663767,2.66301456,0.013777535,0.028472441,0.388244588,0.004887154,40.07412046,0.44885491,0.029417843,0.00024389,0.005064281,0.000630149,4.138148621,0.000433515,2.62E-05,0.022312985,0.009322978,5.83E-08,0.512077695,0.013392263,0.000198576,18.13641701,0.321402399,0.028700035,0.002202933,32.42211748,1.17E-05,0.000125482,0.001842344,7.912608858,1.27E-03,0.019483748,0.041462634,0.207079882,46.48590828,3.19E-05,5.52E-06,0.054867628,0.489096731,24994.02202,1156.77751,164.5570275,3169.041539,58.88541115
8,0.000649567,0.003441067,0.018007824,0.059166497,0.003026141,0.012304779,0.810496222,1.357477716,36.99198626,1.00E-01,4.40348487,0.018266714,0.001786792,0.01416179,0.32238865,3.21E-05,3.77E-05,0.208492954,0.051603703,1.01E-07,0.059840655,0.147939057,0.000109937,0.133493454,4.13E-02,4.377906122,0.000503868,4.546992544,0.034502035,0.005012113,0.003883743,0.011900734,1.55E-02,0.001376905,1.81E-04,0.088818259,13.33808497,1.17E-04,7.41E-05,0.049607093,0.00315679,13.08881747,1.387818293,52.2917971,6.816839469,559.4550514
8,0.000432869,0.000774024,0.000612959,0.006179744,0.040729917,0.009192409,2.532655547,0.763104243,36.34017383,0.00348523,0.196186063,1.981745787,0.0013932,2.86E-03,0.011457175,2.47E-04,0.003247174,3.023420218,0.008823478,1.88E-07,12.46756553,0.075789976,0.000147013,11.13529232,0.137122592,4.024540998,0.036296885,674.150381,0.012959861,0.164566677,0.000429671,0.076947592,0.044913154,7.16E-06,0.010623506,0.000336624,285.4881312,0.000187933,9.63E-06,0.920840251,0.000134702,46.96226712,103.829561,1.460320953,261.281048,423.7348748
8,0.000670124,0.030350464,2.758400515,0.002107913,7.16E-05,0.000105336,0.344326614,11.46006681,5.629950084,0.100092214,15.69582754,0.072565875,0.001482256,0.000104573,0.104176467,1.41E-03,4.30E-05,0.041652035,3.54E-03,4.68E-09,0.299605558,0.000176476,1.43E-05,0.01795476,0.105097759,0.005674176,0.631783853,93.51467155,7.39E-05,0.000132214,0.000229858,0.725139375,9.80E-05,0.001689971,0.005865569,0.018241456,3097.008449,2.83E-04,9.84E-06,0.019382396,0.000240795,43257.08416,165.3815435,1488.964432,4348.614058,17.92945128
8,0.005274453,3.41E-02,0.012831138,0.010337261,0.219131759,0.002070689,6.161535939,0.01331282,11.27615429,0.009729995,23.05153026,0.351333226,0.511580045,2.79E-04,0.003841677,0.058309807,3.32E-05,0.399999813,0.029615629,2.36E-09,0.010978721,8.25E-05,0.000923996,0.24523995,0.000212324,0.004195314,0.015967574,112.3765425,0.030125716,0.02337519,0.001437372,0.937306878,6.43E-06,0.002797173,2.73E-05,0.007566827,19.2169566,0.000107446,1.86E-04,0.000381846,0.122525305,948.6466479,407.4923078,32.0312783,796.2812487,34.28867299
8,0.00383436,0.408551503,0.000583635,0.007282791,5.37E-02,0.007846025,53.63305566,26.29588321,23.72334203,0.000408946,0.127865809,0.344985115,0.001869385,3.43E-02,0.013785833,0.032115357,2.78E-02,0.089036737,0.000771349,7.17E-08,0.756983201,0.000551536,0.003674899,1.675375846,0.057900387,0.010273808,0.003718398,23496.32328,0.081739548,0.000143463,0.031123794,0.039223993,1.46E-05,1.05E-05,0.006843263,0.874112606,237.3372413,0.004309273,1.73E-05,0.00160451,0.067852344,3818.26489,57.22901913,603.4363538,0.70813846,173.0911221
8,5.04E-05,0.002423355,0.057851104,0.005605774,0.005056924,0.037194581,0.248549624,1.245904376,24.69256017,0.000195313,0.005141553,0.116300252,0.006998714,1.36E-05,2.040188315,0.000189911,8.53E-03,0.012605963,0.000249825,5.06E-08,0.376477706,0.047646088,0.000125454,0.165040305,0.05969335,0.004080209,0.025642029,4896.128614,1.22E-05,0.002899634,1.349209237,0.024777696,4.41E-03,1.76E-04,2.08E-03,0.008307397,2636.569313,4.74E-03,7.58E-06,0.005016076,0.001589494,23017.05943,10.56918434,94.76889864,47.76688744,190.3347731
8,0.001209622,0.016840683,0.394311831,2.278319621,0.107401418,0.09318905,0.021756023,29.05371917,89.04853011,0.372304879,0.343034266,1.019418505,0.008274515,2.76E-05,1.458103375,0.057927042,0.000421212,0.002330287,0.000124851,7.62E-07,0.374116493,0.003729088,0.0001333,3.184358863,0.00848135,0.344429325,0.030555902,3197.386214,1.80E-05,0.000365439,0.041920711,2.467407178,2.12E-04,0.0007815,1.48E-05,0.000436834,3777.582207,0.00214898,0.000394008,0.025425808,0.000143201,12807.03372,23.23306272,2315.173847,772.6331246,4246.473066
8,0.000259785,0.018403252,0.008982511,19.23220628,0.487335455,0.116153539,0.189864536,18.16421779,6.048729571,0.191512159,4.04219188,0.0002104,0.001204783,1.36E-04,0.08721476,4.03E-05,1.61E-03,0.00600279,0.129174827,2.79E-09,0.045588193,0.000375945,3.70E-04,0.047730358,0.238395194,0.001835885,0.001124499,3971.871037,6.86E-05,0.130674908,0.00056699,0.366045832,5.53E-06,2.83E-05,6.38E-04,0.011117831,14672.84818,0.000211463,8.04E-05,0.951806496,0.246239027,627.7210182,1.657545802,239.7006419,4.727541692,138.6836008
8,0.00165109,0.000237349,1.119495614,0.052009059,0.028503561,0.012491484,16.32446974,3.176327026,3.308793092,0.021961054,4.392553562,1.074824858,0.002015686,6.60E-05,0.684724114,0.00241964,3.69E-03,0.366402525,0.092739794,1.62E-07,0.014901975,0.000198738,0.000122624,0.009681155,0.003108526,0.070242489,0.003340775,47.407254,9.19E-04,0.056933881,0.900571706,0.418309761,0.000276882,2.44E-05,0.006546898,0.653660246,1598.709059,8.92E-04,1.27E-04,0.010282108,0.000456573,2113.569559,28.35032635,2.711368285,0.66176311,324.2630943
8,8.29E-05,0.001074214,0.282120633,0.010232158,0.010698856,0.007364464,8.125224873,5.931746472,55.64492608,0.0008727,0.59445729,0.357799242,0.003895251,0.002912942,11.1378526,0.048626614,0.00173377,7.206502888,0.00012763,4.82E-07,4.145318085,0.073071879,0.002238682,0.003088665,0.001447114,0.154893701,0.024181356,5692.913196,0.005780863,0.000146063,0.002619288,0.125693561,0.001327535,9.43E-06,3.77E-04,0.000910201,46.49625387,7.42E-02,1.18E-05,0.707930256,0.017546093,353.45085,29.76617326,12.982857,1622.014806,854.3316545
8,3.17E-04,0.000200991,0.013089827,2.273617853,0.002035415,0.00390309,40.92030694,1.480726867,18.27953211,0.005986307,25.66616721,0.975448212,0.001210709,4.79E-05,0.282401014,0.000151736,0.010245975,0.008014601,0.001011524,1.30E-05,0.582632476,0.086783571,1.51E-03,0.680220203,0.006586937,0.003766336,0.00062724,128.7067442,2.82E-05,0.001007586,0.001822654,1.365561906,0.000839992,0.001922068,0.000184151,0.303610499,7732.646613,4.21E-04,3.86E-05,0.000666485,0.068977213,10261.94474,103.7507162,5.809608336,240.2818794,38.41566776
8,0.000473296,0.000392228,0.008790369,0.22091016,0.140325519,0.002030637,0.097028624,0.976621592,32.1092647,6.41E-05,0.005334488,0.300046943,0.001678283,5.35E-05,0.008100295,0.003437291,0.000389868,4.488509148,3.46E-05,6.26E-09,0.005880544,0.078020623,5.43E-04,0.019095657,0.001000377,0.000674335,0.027681468,1345.383499,2.43E-04,0.320865468,0.000897368,2.287601869,0.00899895,0.000994173,0.014840605,0.000770122,171.3674656,2.34E-05,1.50E-05,0.20294129,0.202727173,165.8587493,4.287171295,4.342520623,3804.789495,198.384273
8,7.47E-05,0.000505631,1.867755637,0.01204052,0.000707874,0.468051488,0.090362298,0.756008506,8.225387144,0.002962243,1.531734795,0.864565282,0.524254597,0.074490212,0.013736406,0.043645332,6.06E-04,0.004453213,0.238401966,8.20E-08,0.027784032,0.131231871,0.007525244,0.097590195,0.001885813,0.050454469,0.007668122,41.15959589,0.046408978,0.258414357,1.880854233,0.003098249,0.002176405,0.000966197,2.14E-05,0.176761867,18214.51138,0.000192597,1.24E-05,0.250945824,0.001159775,1154.390879,553.5514538,5.909423669,0.735009332,27.87791709
8,1.49E-03,0.000304831,0.000653481,0.007957423,0.002714918,0.11604495,1.070595439,38.79629128,15.4155341,0.00323371,1.771656859,0.0371232,0.001867731,0.044670161,0.284816794,5.06E-03,0.00042735,0.010921694,0.162092485,3.43E-08,0.201441298,0.021511317,0.079459578,0.560821355,0.001634837,0.245447077,0.017998355,8.136501417,0.029551768,0.002048351,0.454533221,1.733821467,0.000494874,5.16E-05,0.003049527,0.366267178,5.71419187,7.66E-03,5.10E-06,0.000623482,0.000355626,101.2853402,1136.055468,1161.773272,20.38277769,57.19543519
8,0.000873419,0.000271296,0.023461648,9.141983892,0.117376151,0.039505012,27.89861106,0.019153849,65.50446462,0.000195855,0.806073579,0.002461866,0.013901011,7.49E-05,19.90767713,3.01E-05,1.23E-05,0.180476163,0.040866601,1.53E-08,0.120094024,4.30E-03,6.35E-04,0.015484546,0.472068686,0.858005985,0.051706234,1329.892376,0.047044321,0.08074721,0.003420058,0.178665214,1.05E-05,3.20E-05,8.95E-05,0.223006311,14499.18329,1.25E-04,4.04E-05,0.289179109,0.108892199,9889.428452,153.1492755,4930.601644,27.63651492,1.114215665
8,0.000130707,0.000304552,0.939835148,9.573146331,0.00034443,0.004373152,0.200874375,4.821960661,3.707364785,0.000381173,0.018369914,0.029739327,2.021460304,8.06E-03,10.07479576,2.32E-01,0.006043775,0.142441265,7.17E-02,6.09E-08,0.006176137,0.028996444,3.19E-05,1.655685234,0.001450931,2.888815799,0.002924008,133.558992,0.005754166,0.000282195,0.032674061,0.018810291,0.000207336,0.00055009,0.01059635,0.000150993,30.45584823,0.082159167,3.37E-05,0.161115633,0.015456658,6537.064901,94.64299757,3.977643204,1762.691556,0.844758943
8,3.06E-03,0.012495878,0.158952012,0.403535958,8.19E-05,0.006667305,0.026975698,2.428821379,9.546744899,0.005626835,0.179290984,0.001145958,0.037795701,0.000162431,0.142881939,0.025360123,0.000128693,0.014490483,3.37E-03,9.55E-07,0.055670199,0.374618124,7.65E-02,13.94995572,0.000467856,0.15859254,0.000265657,292.0708124,0.017251813,0.215582667,0.008230613,0.01422127,0.040820371,0.000621014,1.49E-03,0.017983937,4751.635343,2.84E-02,0.000662796,0.970041745,0.000195096,16017.5638,18.43950065,1.716399144,3396.178671,5.251541098
8,0.00073679,8.52E-05,0.028808397,1.056544175,0.024754416,0.000220722,0.275189025,0.004716048,1.903204356,0.000816639,0.281731942,1.574463092,0.024657757,0.014945658,0.00351288,0.000277432,3.71E-05,0.01780666,0.000423264,3.95E-06,0.020329187,0.393709531,0.00019185,0.007879688,0.05929142,0.318965994,0.000158559,228.8247399,0.00012684,0.122859406,0.118878516,9.339370069,1.47E-04,0.006161313,1.83E-03,0.017425084,613.5692224,2.31E-03,1.44E-05,0.00438222,0.002484152,7667.720442,91.5757645,15.7752498,2223.085865,33.43091169
8,0.000616671,0.137272479,0.491007497,0.007174098,0.000121166,0.000134493,0.045463621,5.705366563,2.890263022,0.023270376,2.55407374,0.067745541,1.23814992,0.000649893,0.129052117,0.001167244,0.000281918,0.015903606,7.51E-05,1.23E-06,0.094318872,0.346937271,0.036874805,0.040491663,2.76E-03,0.007750578,0.510643653,909.5929319,3.91E-04,0.851601932,0.000785942,0.004807175,0.000824931,0.002833811,0.000200056,0.005251417,249.2225161,0.001759461,2.25E-05,0.203770856,0.000119039,4508.147738,5.775964685,138.7755866,742.7396845,8.52642243
8,6.97E-05,0.000377098,0.114450635,0.002671694,0.158000737,0.011800332,0.254365278,0.04475908,10.12238522,0.000198431,1.346529491,0.051416126,0.095493554,8.98E-03,13.05101845,0.047285331,7.00E-05,0.003725713,0.004038414,1.63E-06,0.018705557,0.002604085,0.000127097,5.930465896,0.00983529,0.008117073,0.003825975,578.2381634,0.006128711,0.000785934,0.531829818,0.002352002,0.025896957,0.009136286,0.001721717,0.008251711,68.90329853,0.000105683,4.01E-04,0.000237832,0.000143476,346.1769479,17.07909739,6382.190999,554.7562039,20.46827411
8,2.27E-03,0.000106881,0.028908369,0.046295665,0.031800669,0.123959646,0.045249439,0.522046886,2.256898346,0.000831446,0.023799985,0.000631837,0.020340706,0.014528703,0.148230241,0.000239683,4.11E-05,0.003188989,0.038535031,2.39E-09,0.004254595,0.005277051,0.031919224,0.063277608,0.136119847,0.046951461,0.859172094,481.6018157,2.65E-02,0.018298589,0.930232357,0.001987942,0.002774169,0.015121661,0.000130235,0.005098488,5923.954167,0.000100232,2.86E-05,0.436871138,0.12698311,583.2811762,0.72504191,5.157314995,33.72739824,9.500200815
8,0.004785828,0.00541692,0.037555911,0.055863968,0.019198229,0.487840286,5.731713525,0.026110715,81.13418993,0.012279503,0.17970901,0.559555753,0.003261707,2.87E-05,1.465211803,0.002702125,0.002327761,12.45459371,0.0001204,1.84E-06,0.013524012,0.012646247,0.000653924,0.016937761,0.34657305,0.002901149,0.000193697,20026.42183,0.004609769,0.006590775,0.0196413,0.006544619,5.58E-06,0.002302039,2.33E-02,0.010561476,2360.885492,4.15E-02,5.23E-05,0.20388072,0.011161626,242.1108523,118.4317231,7712.417396,41.37062286,2.72679207
8,2.81E-03,0.000327432,0.1256937,0.039285452,0.001742696,0.000543804,1.407853483,5.090523231,9.784846443,0.006098556,0.101923327,0.075357269,0.274804869,1.17E-05,19.27161967,9.42E-05,0.00221799,7.415749782,0.115140391,3.48E-09,0.002264311,0.000117863,0.031940742,2.249400501,0.006462173,0.945573109,0.001014778,951.8446982,0.010498247,0.000166116,0.002194013,0.014718294,5.19E-05,0.019653258,4.56E-05,0.008007682,160.8934048,6.06E-05,0.001218563,0.321805139,0.00071754,7768.831693,24.0869307,31.05557291,466.61066,23.86087619
8,0.00010543,0.019051211,0.0702265,0.034973128,0.042450634,0.243018033,1.035458828,0.010646386,16.32329448,0.124231675,1.294274665,0.000278236,0.006451928,1.42E-05,0.006146873,0.000140039,0.000323518,0.030509742,0.051305098,7.09E-07,14.27235588,0.000145435,3.17E-05,7.829674581,0.004483406,0.054048979,0.000889802,23164.11177,5.92E-04,0.715343847,0.003714368,0.006277325,3.96E-04,0.003876306,4.99E-05,0.068426687,4781.703801,0.086778382,2.33E-02,0.004036736,0.010180891,303.8487453,112.1432079,1654.291235,6.823242082,176.4137858
8,9.50E-05,0.005286995,0.036427694,0.006145733,0.03321755,0.044259175,1.50967777,37.10146319,13.09220249,0.000190372,21.49157336,0.030090795,0.049396039,0.000341272,8.616513749,0.000675155,0.002768232,0.023341219,0.054949675,2.92E-09,0.629136718,0.004661335,0.059019399,1.703658972,0.003864602,2.106901065,0.842949962,26727.8323,0.002246559,0.000611267,0.639731861,4.176265307,4.87E-05,0.004731235,9.63E-06,0.684885183,105.3774653,5.62E-05,0.000134544,0.028416861,0.000144056,56.33868937,0.27567778,2495.045572,31.65607921,114.6324266
8,4.65E-03,0.000430245,0.001439895,0.145187319,0.00815552,0.04345343,12.26554365,7.082163656,4.168828918,0.010505485,0.69135456,0.266518993,0.002479191,0.003349691,0.089706081,0.003268128,0.006166961,0.348440097,0.007182293,3.77E-06,0.211455492,7.43E-05,1.12E-05,2.768867648,0.000121665,0.614892458,0.005023902,7107.94116,0.012915506,0.195617188,0.002520193,0.496776043,2.43E-05,2.90E-05,5.33E-06,0.001324711,136.51429,2.23E-04,0.002373178,0.000188214,0.000109352,11.6984247,92.59490806,47.53998324,74.15453804,834.9195417
8,0.00034617,0.001535033,0.300032759,1.21406926,0.010353661,0.005763978,16.34410932,14.69706302,27.19112942,0.004915631,0.007025051,0.000266897,0.06693311,9.77E-05,2.859531382,0.000652912,2.90E-05,0.489677728,0.002132065,1.13E-05,0.024593674,0.057002356,0.029743843,0.035120424,0.002296378,0.385577571,0.827297256,33443.99212,0.000242375,0.09552274,0.001828051,0.194765914,3.64E-05,5.81E-05,0.001495953,0.339185323,5.100187825,3.76E-05,1.49E-04,0.179444417,0.000289829,16.4296149,16.98908641,4193.126974,7.368203301,482.0379821
8,0.005446687,0.000788113,0.05058121,0.048487079,0.005954061,0.005247786,25.6447844,5.876871714,36.08069023,0.222591376,0.097539258,0.000795659,0.251442097,0.04750131,5.374649646,0.002051203,0.020469593,0.170395249,0.000169681,7.52E-07,0.018112359,0.003232909,0.000732547,0.041732671,0.004162229,0.224087885,0.00018076,96.7405536,8.16E-04,0.013814241,0.52396365,0.032397907,0.000748218,1.11E-02,0.008308626,0.512745765,46.57866713,2.78E-05,3.45E-05,0.117672664,0.212649877,1918.185438,177.7357309,1130.610997,5.783273627,185.0257286
8,0.000517098,6.30E-05,0.884072546,0.337525812,0.010773492,0.000230183,0.090575453,0.055522944,3.185054557,0.00829201,2.638344015,0.035954131,0.013275282,0.00487782,3.586764154,0.000145571,0.05629461,0.03297338,4.32E-05,4.19E-07,4.236891943,0.011031576,0.008643445,0.021878685,0.046188631,0.178929974,0.082651689,1549.669738,9.85E-02,0.025366336,0.04708534,0.003783805,2.15E-05,1.85E-05,0.010348806,0.104834856,108.1762344,4.57E-05,2.79E-05,0.018741044,0.019758073,123.957108,1.978930117,73.65662637,14.0425996,0.670471353
8,0.004465774,0.143274825,0.000704922,0.019615699,0.006900461,0.000123128,0.01153817,0.006646007,3.965315239,0.006176029,30.34463944,0.368618443,0.195688953,0.001683293,0.874996024,0.035715626,0.001451307,0.185248489,0.000209071,5.71E-09,0.118432899,0.003028063,0.00235119,0.006853601,0.395639877,1.157103993,0.067639292,67.94423441,0.000351473,0.127528983,0.194171896,0.063976219,1.82E-03,3.11E-05,0.003195758,0.000755331,7.197773536,4.70E-02,5.23E-06,0.407317887,0.000267575,16798.59721,192.9501971,31.85612759,111.1834303,92.27315894
